,City,Lat,Lng,Max Temp,Humidity,Cloudiness,Wind Speed,Country,Date
0,saint-dizier,48.42,5.08,50.27,71,63,5.816044,FR,10/14/2020
1,albany,42.6,-73.97,68.27,34,0,8.9253906,US,10/14/2020
2,eldorado,-23.79,-54.28,99.77,25,31,6.9568834,BR,10/14/2020
3,aurillac,44.92,2.45,45.266,93,90,4.697574,FR,10/14/2020
4,biak,-0.91,122.88,78.368,79,99,5.4357642,ID,10/14/2020
5,cape town,-33.93,18.42,65.264,77,10,6.934514,ZA,10/14/2020
6,bluff,-46.6,168.33,33.278,93,53,1.9908766,NZ,10/14/2020
7,balykshi,47.07,51.87,52.07,27,1,6.71082,KZ,10/14/2020
8,mataura,-46.19,168.86,33.278,93,58,1.9908766,NZ,10/14/2020
9,punta arenas,-53.15,-70.92,50.27,53,75,18.342908,CL,10/14/2020
10,turayf,31.67,38.66,73.67,43,23,9.171454,SA,10/14/2020
11,puerto ayora,-0.74,-90.35,75.47,78,75,11.408394,EC,10/14/2020
12,chunskiy,56.08,99.63,34.592,94,99,8.1200922,RU,10/14/2020
13,loikaw,19.67,97.21,68.234,83,67,2.9751302,MM,10/14/2020
14,vila franca do campo,37.72,-25.43,71.87,83,20,14.987498,PT,10/14/2020
15,mahebourg,-20.41,57.7,73.67,83,20,6.934514,MU,10/14/2020
16,bilibino,68.05,166.44,23.342,91,100,2.9527608,RU,10/14/2020
17,yinchuan,38.47,106.27,50.882,41,94,5.1673314,CN,10/14/2020
18,atuona,-9.8,-139.03,77.846,74,24,22.3246612,PF,10/14/2020
19,farafangana,-22.82,47.83,73.778,89,61,6.3529096,MG,10/14/2020
20,kapaa,22.08,-159.32,76.262,88,1,8.052984,US,10/14/2020
21,xique-xique,-10.82,-42.73,91.256,29,0,6.2186932,BR,10/14/2020
22,asau,46.43,26.4,45.266,91,1,4.4962494,RO,10/14/2020
23,hirara,24.8,125.28,79.628,75,99,15.5019942,JP,10/14/2020
24,kingsville,27.52,-97.86,88.268,58,75,5.816044,US,10/14/2020
25,salalah,17.02,54.09,80.87,88,20,2.23694,OM,10/14/2020
26,bethel,41.37,-73.41,68.27,48,1,9.171454,US,10/14/2020
27,goderich,43.75,-81.72,60.278,67,73,19.5955944,CA,10/14/2020
28,ostrovnoy,68.05,39.51,36.5,84,100,9.0819764,RU,10/14/2020
29,richards bay,-28.78,32.04,64.67,74,73,5.6147194,ZA,10/14/2020
30,hobart,-42.88,147.33,57.47,67,40,12.750558,AU,10/14/2020
31,saldanha,-33.01,17.94,70.07,37,0,8.052984,ZA,10/14/2020
32,iqaluit,63.75,-68.51,35.87,98,90,26.395892,CA,10/14/2020
33,ushuaia,-54.8,-68.3,44.87,67,40,26.395892,AR,10/14/2020
34,cabo san lucas,22.89,-109.91,87.278,74,20,11.408394,MX,10/14/2020
35,provideniya,64.38,-173.3,30.884,93,89,5.3462866,RU,10/14/2020
36,mirnyy,62.54,113.96,21.47,73,75,8.94776,RU,10/14/2020
37,alofi,-19.06,-169.92,66.47,77,96,5.816044,NU,10/14/2020
38,kiama,-34.68,150.87,59.27,86,88,1.006623,AU,10/14/2020
39,saskylakh,71.92,114.08,14.414,95,87,15.6362106,RU,10/14/2020
40,maun,-19.98,23.42,86.27,25,0,9.171454,BW,10/14/2020
41,hermanus,-34.42,19.23,63.266,72,2,4.0041226,ZA,10/14/2020
42,iquique,-20.22,-70.14,66.47,63,35,14.987498,CL,10/14/2020
43,chokurdakh,70.63,147.92,20.174,98,100,3.3330406,RU,10/14/2020
44,upernavik,72.79,-56.15,32.972,89,0,3.4001488,GL,10/14/2020
45,tocache,-8.18,-76.51,97.142,31,22,1.9237684,PE,10/14/2020
46,karla,59.37,24.93,51.278,81,40,9.171454,EE,10/14/2020
47,jamestown,42.1,-79.24,63.266,41,1,12.750558,US,10/14/2020
48,marawi,8,124.29,73.274,96,100,2.9974996,PH,10/14/2020
49,eyl,7.98,49.82,81.626,75,56,16.329662,SO,10/14/2020
50,new norfolk,-42.78,147.06,52.268,65,100,2.5053728,AU,10/14/2020
51,ampanihy,-24.7,44.75,63.95,67,0,12.6163416,MG,10/14/2020
52,lebu,-37.62,-73.65,56.138,62,7,18.5889714,CL,10/14/2020
53,oranjemund,-28.55,16.43,68.576,48,0,9.9096442,,10/14/2020
54,stephenville,32.22,-98.2,87.278,42,1,11.408394,US,10/14/2020
55,laguna,38.42,-121.42,82.67,34,1,10.289924,US,10/14/2020
56,vao,-22.67,167.48,72.05,86,9,15.5691024,NC,10/14/2020
57,kharp,66.8,65.81,31.478,95,60,6.1068462,RU,10/14/2020
58,valentigney,47.46,6.83,44.276,80,20,10.289924,FR,10/14/2020
59,yellowknife,62.46,-114.35,25.268,62,90,27.514362,CA,10/14/2020
60,lompoc,34.64,-120.46,91.67,25,1,8.052984,US,10/14/2020
61,santa rosa,14.31,121.11,77.27,94,90,12.750558,PH,10/14/2020
62,busselton,-33.65,115.33,56.264,71,5,10.178077,AU,10/14/2020
63,airai,-8.93,125.41,61.106,78,92,2.2145706,TL,10/14/2020
64,ambon,-3.7,128.18,83.264,92,100,8.5898496,ID,10/14/2020
65,bambous virieux,-20.34,57.76,75.272,83,20,6.934514,MU,10/14/2020
66,matara,5.95,80.54,79.124,85,88,11.6544574,LK,10/14/2020
67,khatanga,71.97,102.5,24.962,98,100,8.5898496,RU,10/14/2020
68,bengkulu,-3.8,102.27,76.892,87,72,3.8251674,ID,10/14/2020
69,olafsvik,64.89,-23.71,47.624,89,100,27.6709478,IS,10/14/2020
70,citeureup,-6.49,106.88,82.274,90,83,4.7423128,ID,10/14/2020
71,nanortalik,60.14,-45.24,38.03,89,77,3.0422384,GL,10/14/2020
72,isfana,39.84,69.53,55.67,54,0,4.47388,KG,10/14/2020
73,geraldton,-28.77,114.6,55.67,87,40,3.35541,AU,10/14/2020
74,flinders,-34.58,150.86,59.27,85,89,1.006623,AU,10/14/2020
75,ixtapa,20.7,-105.2,88.268,78,75,9.171454,MX,10/14/2020
76,palestine,31.92,35.2,78.278,73,20,3.35541,PS,10/14/2020
77,mar del plata,-38,-57.56,61.07,48,20,23.040482,AR,10/14/2020
78,kaeo,-35.1,173.78,47.264,94,74,9.4398868,NZ,10/14/2020
79,bredasdorp,-34.53,20.04,57.47,82,0,3.35541,ZA,10/14/2020
80,tuatapere,-46.13,167.68,33.278,93,27,1.9908766,NZ,10/14/2020
81,clyde river,70.47,-68.59,23.27,100,75,3.35541,CA,10/14/2020
82,torbay,47.67,-52.73,54.266,66,75,23.040482,CA,10/14/2020
83,port alfred,-33.59,26.89,61.718,79,0,16.8665276,ZA,10/14/2020
84,redmond,47.67,-122.12,57.272,81,96,5.2344396,US,10/14/2020
85,amahai,-3.33,128.92,83.264,92,100,1.3645334,ID,10/14/2020
86,rikitea,-23.12,-134.97,74.21,78,46,17.7165648,PF,10/14/2020
87,los llanos de aridane,28.66,-17.92,75.47,73,75,11.408394,ES,10/14/2020
88,bandarbeyla,9.49,50.81,80.186,83,33,13.2650542,SO,10/14/2020
89,castro,-24.79,-50.01,84.434,43,41,4.2725554,BR,10/14/2020
90,guaranesia,-21.3,-46.8,85.928,38,73,3.243563,BR,10/14/2020
91,balud,10.15,123.7,80.87,83,90,9.171454,PH,10/14/2020
92,hilo,19.73,-155.09,80.276,56,1,10.289924,US,10/14/2020
93,mora,11.05,14.14,84.47,66,20,4.697574,CM,10/14/2020
94,nome,64.5,-165.41,19.67,79,20,2.7738056,US,10/14/2020
95,moussoro,13.64,16.49,98.996,13,6,9.6859502,TD,10/14/2020
96,nador,35.17,-2.93,70.07,68,20,19.461378,MA,10/14/2020
97,kijang,35.24,129.21,53.87,66,5,4.697574,KR,10/14/2020
98,tigil,57.8,158.67,40.766,93,100,3.8699062,RU,10/14/2020
99,cootehill,54.07,-7.08,53.276,79,14,1.9908766,IE,10/14/2020
100,mangrol,21.12,70.12,85.892,42,43,9.6635808,IN,10/14/2020
101,georgetown,5.41,100.34,82.67,78,20,3.35541,MY,10/14/2020
102,komsomolskiy,40.43,71.72,52.07,71,0,9.171454,UZ,10/14/2020
103,vizinga,61.07,50.1,33.926,92,23,3.7356898,RU,10/14/2020
104,butaritari,3.07,172.79,82.994,73,100,12.750558,KI,10/14/2020
105,moron,-34.65,-58.62,81.266,42,13,10.289924,AR,10/14/2020
106,san patricio,28.02,-97.52,90.266,55,40,4.697574,US,10/14/2020
107,prince rupert,54.32,-130.32,48.47,87,90,6.934514,CA,10/14/2020
108,darhan,49.49,105.92,32.378,83,25,2.9751302,MN,10/14/2020
109,hithadhoo,-0.6,73.08,83.732,74,54,12.5939722,MV,10/14/2020
110,buala,-8.14,159.59,78.314,80,52,0.2013246,SB,10/14/2020
111,kysyl-syr,63.9,122.76,18.032,92,41,7.7845512,RU,10/14/2020
112,zhengjiatun,43.51,123.51,36.41,71,3,9.0148682,CN,10/14/2020
113,carnarvon,-24.87,113.63,66.47,82,0,18.342908,AU,10/14/2020
114,bafoulabe,13.81,-10.83,90.032,48,71,2.1474624,ML,10/14/2020
115,luderitz,-26.65,15.16,73.004,39,0,10.6030956,,10/14/2020
116,port hardy,50.7,-127.42,50.27,93,75,2.3264176,CA,10/14/2020
117,pisco,-13.7,-76.22,66.272,82,20,9.171454,PE,10/14/2020
118,pavino,59.11,46.14,42.026,83,95,4.6304658,RU,10/14/2020
119,jackson,42.42,-122.83,62.87,55,20,3.35541,US,10/14/2020
120,cidreira,-30.18,-50.21,66.056,69,10,9.2609316,BR,10/14/2020
121,talnakh,69.49,88.4,25.07,92,90,17.89552,RU,10/14/2020
122,qaanaaq,77.48,-69.36,32.54,82,40,6.9121446,GL,10/14/2020
123,wellington,-41.29,174.78,48.47,70,99,26.395892,NZ,10/14/2020
124,thompson,55.74,-97.86,32.27,90,75,17.224438,CA,10/14/2020
125,ahipara,-35.17,173.17,54.716,80,63,13.8466586,NZ,10/14/2020
126,lavrentiya,65.58,-171,29.93,91,30,7.8516594,RU,10/14/2020
127,sao felix do xingu,-6.64,-51.99,98.276,26,29,6.822667,BR,10/14/2020
128,ola,59.58,151.28,37.652,80,100,7.4042714,RU,10/14/2020
129,warrnambool,-38.38,142.48,66.272,63,89,4.0041226,AU,10/14/2020
130,khalkhal,37.62,48.53,48.416,48,2,0.4697574,IR,10/14/2020
131,kodiak,57.79,-152.41,34.07,77,1,4.697574,US,10/14/2020
132,anadyr,64.75,177.48,37.67,84,40,11.1847,RU,10/14/2020
133,sabang,5.89,95.32,83.03,76,100,14.5177406,ID,10/14/2020
134,kavieng,-2.57,150.8,80.726,79,84,7.5161184,PG,10/14/2020
135,kruisfontein,-34,24.73,61.268,73,0,7.0016222,ZA,10/14/2020
136,sept-iles,50.2,-66.38,48.47,100,90,12.750558,CA,10/14/2020
137,hualmay,-11.1,-77.61,68.72,66,57,8.8582824,PE,10/14/2020
138,port blair,11.67,92.75,81.014,82,97,12.9518826,IN,10/14/2020
139,yenangyaung,20.47,94.88,79.214,79,86,1.006623,MM,10/14/2020
140,saint-augustin,51.23,-58.65,48.866,67,99,8.1424616,CA,10/14/2020
141,batemans bay,-35.72,150.18,58.262,93,63,1.9908766,AU,10/14/2020
142,vaini,-21.2,-175.2,70.07,83,75,6.934514,TO,10/14/2020
143,dikson,73.51,80.55,29.39,93,100,23.3983924,RU,10/14/2020
144,dunda,-8.12,34.25,74.156,54,66,8.3437862,TZ,10/14/2020
145,nobeoka,32.58,131.67,49.262,84,0,8.3214168,JP,10/14/2020
146,tarko-sale,64.92,77.78,31.946,93,35,15.6362106,RU,10/14/2020
147,tasiilaq,65.61,-37.64,41.27,75,75,12.750558,GL,10/14/2020
148,ponta do sol,32.67,-17.1,71.87,68,75,9.171454,PT,10/14/2020
149,constitucion,-35.33,-72.42,60.332,73,6,7.605596,CL,10/14/2020
150,babu,24.42,111.52,69.062,89,100,4.809421,CN,10/14/2020
151,kamenka,51.32,42.77,57.29,41,34,10.06623,RU,10/14/2020
152,morondava,-20.28,44.28,79.214,67,0,19.5508556,MG,10/14/2020
153,karratha,-20.74,116.85,83.156,30,0,15.0098674,AU,10/14/2020
154,mogoytuy,51.28,114.92,26.96,86,0,8.8135436,RU,10/14/2020
155,guerrero negro,27.98,-114.06,83.246,38,98,4.8765292,MX,10/14/2020
156,klaksvik,62.23,-6.59,44.87,81,54,1.11847,FO,10/14/2020
157,abha,18.22,42.51,66.47,63,28,4.697574,SA,10/14/2020
158,port elizabeth,-33.92,25.57,62.87,82,0,11.408394,ZA,10/14/2020
159,rio grande,-32.03,-52.1,65.228,74,8,9.5517338,BR,10/14/2020
160,dawson creek,55.77,-120.24,32.27,82,40,4.697574,CA,10/14/2020
161,mersing,2.43,103.84,80.87,94,100,4.697574,MY,10/14/2020
162,fortuna,40.6,-124.16,57.47,100,90,9.171454,US,10/14/2020
163,saint-philippe,-21.36,55.77,75.47,83,75,1.11847,RE,10/14/2020
164,tateyama,34.98,139.87,68.27,63,63,10.4241404,JP,10/14/2020
165,solton,52.84,86.48,38.804,87,59,5.4581336,RU,10/14/2020
166,praia,14.92,-23.51,82.67,78,75,14.987498,CV,10/14/2020
167,kamaishi,39.27,141.88,55.31,74,88,4.6528352,JP,10/14/2020
168,te anau,-45.42,167.72,29.174,96,31,1.8119214,NZ,10/14/2020
169,impfondo,1.64,18.07,73.868,91,31,1.9908766,CG,10/14/2020
170,teknaf,20.86,92.31,79.718,85,34,4.47388,BD,10/14/2020
171,nikolskoye,59.7,30.79,47.264,70,90,11.1847,RU,10/14/2020
172,verkhnevilyuysk,63.45,120.32,18.914,95,3,6.1739544,RU,10/14/2020
173,bathsheba,13.22,-59.52,88.07,66,40,9.171454,BB,10/14/2020
174,veraval,20.9,70.37,85.244,51,55,7.0687304,IN,10/14/2020
175,college,64.86,-147.8,22.262,62,40,9.171454,US,10/14/2020
176,gat,31.61,34.76,78.278,69,0,7.2476856,IL,10/14/2020
177,kisangani,0.52,25.2,77.27,88,75,2.125093,CD,10/14/2020
178,luganville,-15.53,167.17,77.702,80,100,1.4092722,VU,10/14/2020
179,la rioja,42.25,-2.5,50.27,71,75,13.869028,ES,10/14/2020
180,kahului,20.89,-156.47,78.278,73,1,5.816044,US,10/14/2020
181,bollnas,61.35,16.39,37.148,84,1,4.0041226,SE,10/14/2020
182,avarua,-21.21,-159.78,71.87,60,94,8.052984,CK,10/14/2020
183,kushiro,42.98,144.37,44.132,70,86,11.6544574,JP,10/14/2020
184,sault sainte marie,46.52,-84.33,53.87,50,90,8.052984,CA,10/14/2020
185,san andres,12.58,-81.7,82.67,69,75,12.750558,CO,10/14/2020
186,rach gia,10.02,105.08,77.27,100,75,4.697574,VN,10/14/2020
187,olinda,-8.01,-34.86,77.27,83,75,16.105968,BR,10/14/2020
188,praia da vitoria,38.73,-27.07,71.276,88,40,7.6950736,PT,10/14/2020
189,ushtobe,45.25,77.98,46.796,54,0,9.9096442,KZ,10/14/2020
190,surt,31.21,16.59,73.976,63,0,20.3785234,LY,10/14/2020
191,pangkalanbuun,-2.68,111.62,75.83,96,100,0.0671082,ID,10/14/2020
192,basco,20.45,121.97,81.734,80,73,29.9973654,PH,10/14/2020
193,sulmona,42.05,13.93,62.87,72,72,2.23694,IT,10/14/2020
194,margate,51.38,1.39,60.278,66,100,5.9949992,GB,10/14/2020
195,ancud,-41.87,-73.82,57.47,44,71,10.289924,CL,10/14/2020
196,east london,-33.02,27.91,62.87,77,1,6.934514,ZA,10/14/2020
197,haines junction,60.75,-137.51,33.89,79,12,2.4382646,CA,10/14/2020
198,souillac,-20.52,57.52,73.67,83,20,6.934514,MU,10/14/2020
199,caborca,30.58,-111.1,92.264,38,1,1.9908766,MX,10/14/2020
200,nadym,65.53,72.52,32.036,93,0,13.9585056,RU,10/14/2020
201,hambantota,6.12,81.12,80.51,79,53,15.6362106,LK,10/14/2020
202,faanui,-16.48,-151.75,78.746,80,16,12.30317,PF,10/14/2020
203,san juan de los morros,9.91,-67.35,83.228,64,3,4.2949248,VE,10/14/2020
204,jaisalmer,26.91,70.92,86.63,14,13,9.0819764,IN,10/14/2020
205,bonavista,48.65,-53.11,52.268,85,0,5.0107456,CA,10/14/2020
206,srednekolymsk,67.45,153.68,30.92,90,39,2.3040482,RU,10/14/2020
207,eganville,45.53,-77.1,59.27,47,90,9.171454,CA,10/14/2020
208,paracuru,-3.41,-39.03,81.266,70,29,21.9891202,BR,10/14/2020
209,cochrane,51.18,-114.47,34.268,74,1,4.697574,CA,10/14/2020
210,maceio,-9.67,-35.74,84.47,58,40,13.869028,BR,10/14/2020
211,mokhsogollokh,61.47,128.92,18.428,96,100,9.4622562,RU,10/14/2020
212,maposeni,-10.58,35.4,71.87,88,20,5.3910254,TZ,10/14/2020
213,healesville,-37.65,145.52,65.264,45,48,1.9908766,AU,10/14/2020
214,morgan city,29.7,-91.21,83.264,57,1,4.697574,US,10/14/2020
215,san cristobal,7.77,-72.22,89.87,49,40,10.289924,VE,10/14/2020
216,yazykovo,55.22,56.14,47.21,53,89,9.7977972,RU,10/14/2020
217,severo-kurilsk,50.68,156.12,43.556,70,55,10.6925732,RU,10/14/2020
218,houston,29.76,-95.36,87.278,61,75,6.934514,US,10/14/2020
219,esna,25.29,32.55,89.87,40,0,11.1847,EG,10/14/2020
220,angra dos reis,-23.01,-44.32,76.514,80,76,5.6370888,BR,10/14/2020
221,hat yai,7.01,100.48,79.07,100,75,3.35541,TH,10/14/2020
222,missoula,47.02,-113.8,47.264,65,90,12.9966214,US,10/14/2020
223,tvoroyri,61.56,-6.81,44.87,81,25,1.11847,FO,10/14/2020
224,kudahuvadhoo,2.67,72.89,82.706,79,94,17.5376096,MV,10/14/2020
225,balotra,25.83,72.23,86.558,16,69,7.6950736,IN,10/14/2020
226,tuktoyaktuk,69.45,-133.04,21.47,85,75,11.408394,CA,10/14/2020
227,klyuchi,52.27,79.17,46.508,67,89,9.7083196,RU,10/14/2020
228,caravelas,-17.71,-39.25,81.752,66,35,11.9899984,BR,10/14/2020
229,nizhniy tsasuchey,50.52,115.13,26.996,85,0,9.1267152,RU,10/14/2020
230,sandnessjoen,66.02,12.63,46.67,93,40,12.750558,NO,10/14/2020
231,havre-saint-pierre,50.23,-63.6,46.67,93,90,21.922012,CA,10/14/2020
232,tiksi,71.69,128.87,10.85,91,0,2.0579848,RU,10/14/2020
233,zelenoborsk,61.47,64.03,34.916,84,96,9.8649054,RU,10/14/2020
234,fallon,39.47,-118.78,72.266,35,40,6.934514,US,10/14/2020
235,mercedes,-34.65,-59.43,86.27,14,5,7.0016222,AR,10/14/2020
236,dunedin,-45.87,170.5,40.262,71,69,5.2120702,NZ,10/14/2020
237,faya,18.39,42.45,66.47,67,12,5.704197,SA,10/14/2020
238,barrow,71.29,-156.79,25.07,68,90,14.987498,US,10/14/2020
239,luoyang,34.68,112.45,54.266,48,100,1.6329662,CN,10/14/2020
240,ouargaye,11.5,0.06,88.07,46,32,6.487126,BF,10/14/2020
241,aginskoye,51.1,114.53,26.852,85,0,10.4465098,RU,10/14/2020
242,alpatovo,43.7,45.24,55.67,82,58,2.23694,RU,10/14/2020
243,samarai,-10.62,150.67,79.016,85,50,14.987498,PG,10/14/2020
244,sandwick,60,-1.25,46.67,70,90,10.289924,GB,10/14/2020
245,kieta,-6.22,155.63,78.404,80,81,1.565858,PG,10/14/2020
246,aksarka,66.56,67.8,31.496,93,0,10.4688792,RU,10/14/2020
247,labuhan,-6.88,112.21,80.528,79,68,10.5807262,ID,10/14/2020
248,novobelokatay,55.71,58.95,46.85,55,16,11.8781514,RU,10/14/2020
249,kaitangata,-46.28,169.85,38.264,90,58,1.9908766,NZ,10/14/2020
250,urengoy,65.97,78.37,30.74,91,44,13.6677034,RU,10/14/2020
251,neiafu,-18.65,-173.98,73.67,69,75,9.171454,TO,10/14/2020
252,nyagan,62.14,65.39,34.898,84,100,8.612219,RU,10/14/2020
253,egvekinot,66.32,-179.17,26.456,97,99,6.4200178,RU,10/14/2020
254,jurado,7.11,-77.76,82.526,71,27,7.3371632,CO,10/14/2020
255,freeport,40.66,-73.58,70.268,40,1,11.408394,US,10/14/2020
256,kashan,33.98,51.44,57.794,28,0,3.5567346,IR,10/14/2020
257,port lincoln,-34.73,135.87,75.236,27,100,24.0023662,AU,10/14/2020
258,cayenne,4.93,-52.33,91.67,46,2,12.750558,GF,10/14/2020
259,dolores,-36.31,-57.68,74.912,59,1,15.9717516,AR,10/14/2020
260,altud,43.72,43.87,57.47,87,78,2.23694,RU,10/14/2020
261,cherskiy,68.75,161.3,31.64,93,75,10.3346628,RU,10/14/2020
262,bikaner,28.02,73.3,84.686,15,11,7.717443,IN,10/14/2020
263,calbe,51.9,11.77,49.262,84,100,8.9924988,DE,10/14/2020
264,coquimbo,-29.95,-71.34,64.67,63,20,11.408394,CL,10/14/2020
265,bud,39.45,-86.18,74.264,35,1,13.869028,US,10/14/2020
266,mount gambier,-37.83,140.77,64.67,72,93,8.052984,AU,10/14/2020
267,tsiroanomandidy,-18.77,46.03,79.592,52,92,2.3264176,MG,10/14/2020
268,jiayuguan,39.82,98.3,42.818,49,0,10.289924,CN,10/14/2020
269,sanming,26.25,117.62,68.45,77,93,1.8790296,CN,10/14/2020
270,plettenberg bay,-34.05,23.37,59.288,83,0,6.2858014,ZA,10/14/2020
271,miraflores,19.22,-98.81,73.67,40,5,9.171454,MX,10/14/2020
272,matamoros,25.53,-103.25,79.07,44,5,3.3777794,MX,10/14/2020
273,praya,14.92,-23.51,82.67,78,75,14.987498,CV,10/14/2020
274,san julian,21.02,-102.17,71.474,57,8,2.9303914,MX,10/14/2020
275,torrijos,39.98,-4.28,64.274,29,0,11.0952224,ES,10/14/2020
276,tartagal,-22.52,-63.8,100.67,33,100,9.171454,AR,10/14/2020
277,kavaratti,10.57,72.64,82.436,77,90,19.8416578,IN,10/14/2020
278,esperance,-33.87,121.9,55.67,100,75,9.171454,AU,10/14/2020
279,chapais,49.78,-74.85,44.87,93,90,5.816044,CA,10/14/2020
280,hasaki,35.73,140.83,64.67,82,75,11.408394,JP,10/14/2020
281,longyearbyen,78.22,15.64,26.87,86,20,5.816044,SJ,10/14/2020
282,payson,40.04,-111.73,68.27,52,40,20.803542,US,10/14/2020
283,tangjiazhuang,39.73,118.45,55.364,64,90,5.6594582,CN,10/14/2020
284,ossora,59.24,163.07,44.114,95,100,21.2061912,RU,10/14/2020
285,ndele,8.41,20.65,74.372,87,96,2.1027236,CF,10/14/2020
286,arraial do cabo,-22.97,-42.03,79.07,74,40,10.289924,BR,10/14/2020
287,codrington,-38.27,141.97,65.48,57,100,11.9005208,AU,10/14/2020
288,grindavik,63.84,-22.43,48.47,93,90,33.330406,IS,10/14/2020
289,catamarca,-28.47,-65.79,79.268,38,63,1.9908766,AR,10/14/2020
290,nagayo,32.82,129.89,66.272,59,0,18.007367,JP,10/14/2020
291,el campo,29.2,-96.27,87.278,54,40,3.35541,US,10/14/2020
292,muros,42.78,-9.06,58.262,71,9,2.9974996,ES,10/14/2020
293,fairbanks,64.84,-147.72,22.262,78,90,2.6172198,US,10/14/2020
294,ovalle,-30.6,-71.2,76.73,39,83,7.8069206,CL,10/14/2020
295,khani,41.96,42.96,62.87,77,55,2.23694,GE,10/14/2020
296,tiarei,-17.53,-149.33,77.27,78,75,13.869028,PF,10/14/2020
297,mount isa,-20.73,139.5,77.27,38,0,8.052984,AU,10/14/2020
298,bijie,27.31,105.29,52.736,93,100,3.7133204,CN,10/14/2020
299,chumikan,54.72,135.31,29.894,87,69,18.342908,RU,10/14/2020
300,the pas,53.83,-101.25,34.07,47,90,21.922012,CA,10/14/2020
301,bowmore,34.94,-79.3,76.262,47,1,3.35541,US,10/14/2020
302,lagoa,39.05,-27.98,68.954,77,1,6.3305402,PT,10/14/2020
303,pangody,65.85,74.49,31.982,92,15,13.7348116,RU,10/14/2020
304,alta gracia,-31.65,-64.43,78.278,31,73,6.934514,AR,10/14/2020
305,chuy,-33.7,-53.46,66.848,70,4,9.4622562,UY,10/14/2020
306,isla vista,34.41,-119.86,88.268,44,1,9.171454,US,10/14/2020
307,salinopolis,-0.61,-47.36,84.884,64,80,14.9203898,BR,10/14/2020
308,saint george,37.1,-113.58,70.07,15,1,3.7804286,US,10/14/2020
309,la ronge,55.1,-105.28,28.67,54,75,18.342908,CA,10/14/2020
310,garachine,8.06,-78.36,82.778,72,17,9.2385622,PA,10/14/2020
311,berlevag,70.86,29.09,39.47,86,40,16.105968,NO,10/14/2020
312,namikupa,-10.83,39.6,73.292,83,47,5.4357642,TZ,10/14/2020
313,barra patuca,15.8,-84.28,83.732,78,64,10.9833754,HN,10/14/2020
314,nagato,34.38,131.2,64.67,63,20,5.816044,JP,10/14/2020
315,galveston,29.37,-94.97,85.262,65,40,10.289924,US,10/14/2020
316,mandalgovi,45.76,106.27,30.938,85,100,5.1225926,MN,10/14/2020
317,akyab,20.15,92.9,81.932,80,39,4.9436374,MM,10/14/2020
318,kibray,41.39,69.46,53.87,50,0,4.697574,UZ,10/14/2020
319,naze,28.37,129.48,71.87,83,40,4.697574,JP,10/14/2020
320,hamilton,39.18,-84.53,73.67,35,1,11.408394,US,10/14/2020
321,bontang,0.13,117.5,80.186,85,44,7.8516594,ID,10/14/2020
322,lamar,33.67,-95.58,81.266,57,1,9.171454,US,10/14/2020
323,contamana,-7.33,-75.02,99.644,28,17,4.3844024,PE,10/14/2020
324,yaqui,27.37,-110.17,88.07,48,90,5.816044,MX,10/14/2020
325,moroni,-11.7,43.26,77.27,94,40,4.697574,KM,10/14/2020
326,shelburne,44.08,-80.2,61.07,36,20,13.869028,CA,10/14/2020
327,karlshamn,56.17,14.86,48.47,81,40,20.803542,SE,10/14/2020
328,portobelo,9.55,-79.65,82.274,78,56,8.9924988,PA,10/14/2020
329,rio gallegos,-51.62,-69.22,59.27,24,75,18.342908,AR,10/14/2020
330,xining,36.62,101.77,36.356,81,20,1.5211192,CN,10/14/2020
331,henties bay,-22.12,14.28,59.27,88,0,1.006623,,10/14/2020
332,ust-koksa,50.27,85.61,28.22,90,48,1.2526864,RU,10/14/2020
333,meulaboh,4.14,96.13,78.998,78,100,4.585727,ID,10/14/2020
334,banda aceh,5.56,95.32,82.13,68,100,8.2990474,ID,10/14/2020
335,mier,26.43,-99.15,93.47,41,1,6.934514,MX,10/14/2020
336,sao joao da barra,-21.64,-41.05,86.27,55,7,16.105968,BR,10/14/2020
337,vrbove,48.62,17.72,46.67,87,90,8.052984,SK,10/14/2020
338,tilichiki,60.47,166.1,40.01,98,100,15.7480576,RU,10/14/2020
339,hondo,32.45,130.2,66.272,59,0,18.007367,JP,10/14/2020
340,nantucket,41.28,-70.1,66.47,48,1,12.750558,US,10/14/2020
341,trinidad,-14.83,-64.9,95.27,50,75,9.171454,BO,10/14/2020
342,myitkyina,25.38,97.4,75.452,77,2,1.0737312,MM,10/14/2020
343,sioux lookout,50.1,-91.92,43.07,81,75,8.052984,CA,10/14/2020
344,quelimane,-17.88,36.89,77.27,73,75,8.052984,MZ,10/14/2020
345,san quintin,30.48,-115.95,83.768,38,46,7.1805774,MX,10/14/2020
346,leningradskiy,69.38,178.42,30.596,93,99,8.835913,RU,10/14/2020
347,arlit,18.74,7.39,97.79,9,0,3.1764548,NE,10/14/2020
348,borba,-4.39,-59.59,94.37,42,83,4.9883762,BR,10/14/2020
349,vardo,70.37,31.11,39.47,80,40,13.869028,NO,10/14/2020
350,mitsamiouli,-11.38,43.28,77.27,94,40,4.697574,KM,10/14/2020
351,ribeira grande,38.52,-28.7,73.67,73,20,8.052984,PT,10/14/2020
352,rengo,-34.42,-70.87,61.07,67,75,5.816044,CL,10/14/2020
353,lagos,6.58,3.75,77.27,94,40,4.7199434,NG,10/14/2020
354,codajas,-3.84,-62.06,93.704,45,68,3.2211936,BR,10/14/2020
355,manadhoo,5.77,73.38,83.264,77,91,22.593094,MV,10/14/2020
356,husavik,66.04,-17.34,46.67,70,93,14.987498,IS,10/14/2020
357,nanakuli,21.39,-158.15,79.07,69,1,3.35541,US,10/14/2020
358,patnos,39.23,42.86,55.094,35,43,1.9461378,TR,10/14/2020
359,novoagansk,61.94,76.66,35.798,95,100,15.9493822,RU,10/14/2020
360,montepuez,-13.13,39,81.068,51,90,8.1424616,MZ,10/14/2020
361,vestmannaeyjar,63.44,-20.27,48.47,81,90,20.803542,IS,10/14/2020
362,rawson,-43.3,-65.1,60.836,30,0,11.1623306,AR,10/14/2020
363,ilulissat,69.22,-51.1,37.67,55,75,3.35541,GL,10/14/2020
364,urlati,44.98,26.23,59.27,93,0,5.816044,RO,10/14/2020
365,melfi,41,15.65,54.266,87,90,7.3371632,IT,10/14/2020
366,evensk,61.95,159.23,37.148,95,100,13.6900728,RU,10/14/2020
367,ulaanbaatar,47.91,106.88,17.87,72,24,2.23694,MN,10/14/2020
368,comodoro rivadavia,-45.87,-67.5,70.07,19,2,10.289924,AR,10/14/2020
369,deleni,47.47,26.88,48.272,70,0,6.934514,RO,10/14/2020
370,lindi,-10,39.72,79.07,83,75,11.408394,TZ,10/14/2020
371,yar-sale,66.83,70.83,31.784,92,4,13.645334,RU,10/14/2020
372,palana,59.12,159.97,39.164,87,100,6.1739544,RU,10/14/2020
373,coihaique,-45.58,-72.07,55.67,35,100,8.052984,CL,10/14/2020
374,rutana,-3.87,30.1,64.058,84,9,3.0869772,BI,10/14/2020
375,omboue,-1.57,9.26,76.118,81,67,9.3504092,GA,10/14/2020
376,aberdeen,57.14,-2.1,47.264,87,3,5.816044,GB,10/14/2020
377,alta floresta,-9.88,-56.09,87.08,47,69,3.2211936,BR,10/14/2020
378,loandjili,-4.76,11.86,79.07,78,40,8.052984,CG,10/14/2020
379,termoli,41.99,14.99,63.266,69,80,8.0082452,IT,10/14/2020
380,washington,47.5,-120.5,55.274,62,47,8.9924988,US,10/14/2020
381,nara,34.69,135.8,64.274,64,16,3.6014734,JP,10/14/2020
382,tocopilla,-22.09,-70.2,68.666,47,30,10.9833754,CL,10/14/2020
383,burley,42.54,-113.79,55.67,37,1,21.922012,US,10/14/2020
384,adamovka,51.52,59.94,51.764,41,52,7.5608572,RU,10/14/2020
385,kampene,-3.6,26.67,74.66,77,52,0.6039738,CD,10/14/2020
386,alice springs,-23.7,133.88,59.27,44,0,4.697574,AU,10/14/2020
387,sibolga,1.74,98.78,77.774,80,100,3.6685816,ID,10/14/2020
388,sorland,67.67,12.69,46.67,75,75,16.105968,NO,10/14/2020
389,karacakoy,41.4,28.38,68.27,68,0,5.816044,TR,10/14/2020
390,fort nelson,58.81,-122.7,25.07,79,90,5.816044,CA,10/14/2020
391,yumen,40.28,97.2,37.706,62,0,6.151585,CN,10/14/2020
392,katsuura,35.13,140.3,67.262,72,75,11.408394,JP,10/14/2020
393,vidim,56.41,103.11,32.018,97,100,6.8002976,RU,10/14/2020
394,roma,43.21,-75.46,63.266,59,90,12.750558,US,10/14/2020
395,phalaborwa,-23.94,31.14,68.27,64,12,9.171454,ZA,10/14/2020
396,abiramam,9.47,78.45,80.87,74,40,5.816044,IN,10/14/2020
397,vega de alatorre,20.03,-96.63,86.792,62,0,11.5649798,MX,10/14/2020
398,sitrah,26.15,50.62,86.27,58,0,4.697574,BH,10/14/2020
399,shimoda,34.67,138.95,61.268,77,92,9.5517338,JP,10/14/2020
400,lata,40.16,-8.33,58.262,76,0,1.9908766,PT,10/14/2020
401,namibe,-15.2,12.15,66.614,79,77,5.3910254,AO,10/14/2020
402,north bend,43.41,-124.22,57.47,87,1,4.8765292,US,10/14/2020
403,lewistown,40.6,-77.57,69.278,42,1,8.052984,US,10/14/2020
404,pacific grove,36.62,-121.92,72.266,53,1,4.697574,US,10/14/2020
405,lodja,-3.48,23.43,73.922,87,88,1.5434886,CD,10/14/2020
406,damietta,31.42,31.81,79.07,78,7,13.869028,EG,10/14/2020
407,rayong,12.83,101.43,83.264,91,99,2.348787,TH,10/14/2020
408,pevek,69.7,170.31,33.512,88,100,16.4862478,RU,10/14/2020
409,touros,-5.2,-35.46,84.47,62,75,13.869028,BR,10/14/2020
410,yabrud,33.97,36.66,70.07,40,0,3.35541,SY,10/14/2020
411,yulara,-25.24,130.99,64.67,23,0,4.697574,AU,10/14/2020
412,abu samrah,35.3,37.18,66.776,74,0,8.9701294,SY,10/14/2020
413,sao lourenco da serra,-23.85,-46.94,85.262,54,23,14.987498,BR,10/14/2020
414,adre,13.47,22.2,82.904,34,79,1.9237684,TD,10/14/2020
415,koutiala,12.39,-5.46,88.484,40,2,1.789552,ML,10/14/2020
416,kizukuri,40.81,140.39,50.27,65,99,7.1805774,JP,10/14/2020
417,makrana,27.05,74.72,78.836,32,41,6.6884506,IN,10/14/2020
418,port moresby,-9.44,147.18,79.07,88,75,17.224438,PG,10/14/2020
419,kimbe,-5.55,150.14,73.004,84,100,2.6172198,PG,10/14/2020
420,kidal,18.44,1.41,96.926,10,18,6.6660812,ML,10/14/2020
421,balao,-2.92,-79.82,77.27,78,90,6.934514,EC,10/14/2020
422,victoria,22.29,114.16,79.268,81,100,2.9974996,HK,10/14/2020
423,pouembout,-21.13,164.9,70.52,90,19,4.250186,NC,10/14/2020
424,brigantine,39.41,-74.36,70.07,43,1,8.052984,US,10/14/2020
425,belyy yar,53.6,91.39,37.67,81,76,4.47388,RU,10/14/2020
426,padang,-0.95,100.35,79.304,73,100,2.7514362,ID,10/14/2020
427,boda,4.32,17.47,73.364,87,23,0.6934514,CF,10/14/2020
428,caxias,38.7,-9.28,61.268,67,20,17.224438,PT,10/14/2020
429,deer lake,49.17,-57.43,57.47,54,75,14.987498,CA,10/14/2020
430,colwyn bay,53.29,-3.73,53.276,91,79,8.0082452,GB,10/14/2020
431,cairns,-16.92,145.77,72.266,83,75,10.289924,AU,10/14/2020
432,shangrao,28.45,117.97,65.804,79,89,6.7331894,CN,10/14/2020
433,baykit,61.67,96.37,36.95,86,100,11.5873492,RU,10/14/2020
434,port shepstone,-30.74,30.45,65.228,72,27,9.506995,ZA,10/14/2020
435,kemijarvi,66.71,27.43,35.546,87,93,7.82929,FI,10/14/2020
436,hobyo,5.35,48.53,80.726,80,78,16.1954456,SO,10/14/2020
437,petropavlovsk-kamchatskiy,53.05,158.65,44.87,100,75,4.47388,RU,10/14/2020
438,tasgaon,17.03,74.6,70.718,96,100,13.3992706,IN,10/14/2020
439,deputatskiy,69.3,139.9,14.036,98,100,3.0422384,RU,10/14/2020
440,blythe,33.61,-114.6,92.264,17,1,5.816044,US,10/14/2020
441,maniitsoq,65.42,-52.9,36.932,81,98,10.3122934,GL,10/14/2020
442,linxia,35.6,103.21,39.236,73,45,1.6329662,CN,10/14/2020
443,nancha,47.13,129.27,30.092,86,0,4.1607084,CN,10/14/2020
444,tonkino,57.37,46.46,52.304,92,96,6.4200178,RU,10/14/2020
445,shaunavon,49.65,-108.42,38.39,69,90,16.3520314,CA,10/14/2020
446,harnosand,62.63,17.94,42.278,71,0,3.35541,SE,10/14/2020
447,cap malheureux,-19.98,57.61,75.272,76,0,4.0041226,MU,10/14/2020
448,ostersund,63.18,14.64,39.47,86,15,12.750558,SE,10/14/2020
449,mechanicsville,37.61,-77.37,73.67,38,20,6.934514,US,10/14/2020
450,daru,-9.08,143.21,78.044,86,94,15.0769756,PG,10/14/2020
451,bajram curri,42.36,20.08,57.47,93,75,5.0554844,AL,10/14/2020
452,guaimaca,14.53,-86.82,77.27,88,75,11.408394,HN,10/14/2020
453,surman,32.76,12.57,75.794,46,0,12.2808006,LY,10/14/2020
454,kasongo,-4.45,26.67,76.316,69,18,1.8790296,CD,10/14/2020
455,charters towers,-20.1,146.27,63.014,83,16,7.4266408,AU,10/14/2020
456,norrtalje,59.76,18.7,48.272,71,0,12.9966214,SE,10/14/2020
457,sapulpa,36,-96.11,86.27,37,1,18.342908,US,10/14/2020
458,puerto el triunfo,13.28,-88.55,89.87,62,20,2.23694,SV,10/14/2020
459,kyshtovka,56.55,76.63,49.568,84,100,14.3387854,RU,10/14/2020
460,ewo,-0.87,14.82,74.966,87,94,5.1673314,CG,10/14/2020
461,kangaatsiaq,68.31,-53.46,36.284,90,95,9.7083196,GL,10/14/2020
462,flin flon,54.77,-101.86,32.27,85,75,14.987498,CA,10/14/2020
463,victor harbor,-35.57,138.62,73.274,40,90,16.105968,AU,10/14/2020
464,neuquen,-38.95,-68.06,71.87,20,1,6.934514,AR,10/14/2020
465,norilsk,69.35,88.2,23.27,92,90,15.65858,RU,10/14/2020
466,perbaungan,3.57,98.96,75.47,94,40,5.816044,ID,10/14/2020
467,bronnoysund,65.46,12.2,46.67,93,75,11.408394,NO,10/14/2020
468,svetlogorsk,52.63,29.73,51.458,77,50,5.0778538,BY,10/14/2020
469,winnemucca,40.97,-117.74,66.47,29,1,3.35541,US,10/14/2020
470,mandi bahauddin,32.58,73.48,74.768,23,0,3.8475368,PK,10/14/2020
471,ribeira brava,32.65,-17.07,71.87,68,75,9.171454,PT,10/14/2020
472,kannad,20.27,75.13,77.27,88,40,9.171454,IN,10/14/2020
473,huinan,42.62,126.26,31.55,83,0,5.1002232,CN,10/14/2020
474,norman wells,65.28,-126.83,21.47,79,90,13.869028,CA,10/14/2020
475,nagua,19.38,-69.85,88.07,74,40,9.171454,DO,10/14/2020
476,malazgirt,39.14,42.54,53.636,36,48,0.6263432,TR,10/14/2020
477,trelew,-43.25,-65.31,66.758,22,0,5.8384134,AR,10/14/2020
478,la union,-5.4,-80.75,82.472,46,31,15.8599046,PE,10/14/2020
479,narsaq,60.92,-46.05,41.27,75,20,4.697574,GL,10/14/2020
480,sajanan,37.06,9.24,70.07,68,20,1.11847,TN,10/14/2020
481,pinega,64.7,43.39,32.468,95,8,4.7870516,RU,10/14/2020
482,boca do acre,-8.75,-67.4,91.544,43,57,7.5608572,BR,10/14/2020
483,las margaritas,16.32,-91.98,74.768,60,97,7.0910998,MX,10/14/2020
484,ous,60.91,61.52,37.184,86,100,11.408394,RU,10/14/2020
485,itarema,-2.92,-39.92,85.406,62,30,20.3785234,BR,10/14/2020
486,srivardhan,18.03,73.02,77.54,92,100,11.9899984,IN,10/14/2020
487,riberalta,-10.98,-66.1,93.47,49,75,6.934514,BO,10/14/2020
488,lillooet,50.69,-121.94,50.27,81,1,3.35541,CA,10/14/2020
489,krasnoselkup,65.7,82.47,28.526,95,35,13.3321624,RU,10/14/2020
490,nizwa,22.93,57.53,75.866,29,0,2.6172198,OM,10/14/2020
491,honiara,-9.43,159.95,73.67,94,40,3.9593838,SB,10/14/2020
492,buta,2.79,24.73,76.55,70,26,0.2908022,CD,10/14/2020
493,qasigiannguit,68.82,-51.19,37.67,55,75,3.35541,GL,10/14/2020
494,duncan,34.5,-97.96,86.27,40,1,19.461378,US,10/14/2020
495,paonta sahib,30.45,77.62,73.634,56,7,4.4067718,IN,10/14/2020
496,mitu,1.2,-70.17,86.72,62,86,1.901399,CO,10/14/2020
497,kiunga,-6.12,141.29,73.418,98,93,1.6553356,PG,10/14/2020
498,valdemarpils,57.37,22.59,50.27,76,40,14.987498,LV,10/14/2020
499,rocha,-34.48,-54.33,70.376,59,0,7.2029468,UY,10/14/2020
500,cape coast,5.11,-1.25,78.17,85,11,13.2650542,GH,10/14/2020
501,salinas,36.68,-121.66,77.27,41,1,3.1093466,US,10/14/2020
502,that phanom,16.94,104.71,74.336,88,97,2.3264176,TH,10/14/2020
503,invermere,50.52,-116.04,43.268,79,87,5.0107456,CA,10/14/2020
504,sur,22.57,59.53,79.7,38,0,9.9991218,OM,10/14/2020
505,isangel,-19.55,169.27,75.974,85,99,10.06623,VU,10/14/2020
506,san jose,37.34,-121.89,83.264,47,1,6.934514,US,10/14/2020
507,kenai,60.55,-151.26,41.27,80,90,5.7713052,US,10/14/2020
508,zhigansk,66.77,123.37,11.84,94,36,9.4846256,RU,10/14/2020
509,chardara,41.25,67.97,58.82,35,0,5.2791784,KZ,10/14/2020
510,dingle,11,122.67,75.596,90,100,4.3172942,PH,10/14/2020
511,grand gaube,-20.01,57.66,75.272,76,0,4.0041226,MU,10/14/2020
512,jasper,37.2,-94.35,82.67,34,1,19.461378,US,10/14/2020
513,itupiranga,-5.13,-49.33,91.67,52,40,3.35541,BR,10/14/2020
514,xinzhi,36.5,111.7,54.266,65,100,4.9436374,CN,10/14/2020
515,vestmanna,62.16,-7.17,44.87,81,49,1.11847,FO,10/14/2020
516,andenes,69.31,16.12,41.27,80,75,19.461378,NO,10/14/2020
517,sohag,26.56,31.69,86.27,25,1,5.816044,EG,10/14/2020
518,necochea,-38.55,-58.74,56.264,70,0,12.9966214,AR,10/14/2020
519,umm lajj,25.02,37.27,83.3,59,0,5.2344396,SA,10/14/2020
520,khomeyn,33.64,50.08,52.484,31,0,2.3935258,IR,10/14/2020
521,pestretsy,55.75,49.65,48.47,57,77,6.71082,RU,10/14/2020
522,kelowna,49.88,-119.49,51.278,76,90,11.408394,CA,10/14/2020
523,ust-omchug,61.15,149.63,25.124,92,90,1.7448132,RU,10/14/2020
524,cascais,38.7,-9.42,61.268,67,20,17.224438,PT,10/14/2020
525,sungaipenuh,-2.08,101.38,65.264,87,100,1.454011,ID,10/14/2020
526,moerai,-22.43,-151.33,71.222,89,100,13.1755766,PF,10/14/2020
527,tessalit,20.2,1.01,93.488,11,0,11.1847,ML,10/14/2020
528,pilikwe,-22.8,27.19,75.038,44,0,18.007367,BW,10/14/2020
529,general cepeda,25.38,-101.45,79.07,39,5,7.3371632,MX,10/14/2020
530,lashio,22.93,97.75,65.948,94,11,1.2079476,MM,10/14/2020
531,nelson bay,-32.72,152.15,63.266,93,75,4.026492,AU,10/14/2020
532,sao filipe,14.9,-24.5,79.808,80,71,10.513618,CV,10/14/2020
533,hofn,64.25,-15.21,46.67,87,90,8.052984,IS,10/14/2020
534,kailua,21.4,-157.74,80.87,74,20,3.35541,US,10/14/2020
535,jumla,29.27,82.18,51.836,57,59,3.35541,NP,10/14/2020
536,kuching,1.55,110.33,73.67,100,40,1.6329662,MY,10/14/2020
537,harnai,30.1,67.94,68.018,23,0,1.9908766,PK,10/14/2020
538,tongchuan,35.08,109.09,51.62,69,100,1.0737312,CN,10/14/2020
539,makakilo city,21.35,-158.09,79.07,69,1,3.35541,US,10/14/2020
540,yuyao,30.05,121.15,70.268,68,45,2.23694,CN,10/14/2020
541,manta,-0.95,-80.73,79.07,69,75,13.869028,EC,10/14/2020
542,aripuana,-9.17,-60.63,94.208,40,57,3.4001488,BR,10/14/2020
543,casambalangan,18.38,122.13,80.546,83,89,15.8599046,PH,10/14/2020
